ID,Wowhead Link,Completion Time
10493,https://www.wowhead.com/tbc/quest=10493,
10495,https://www.wowhead.com/tbc/quest=10495,
10497,https://www.wowhead.com/tbc/quest=10497,
10499,https://www.wowhead.com/tbc/quest=10499,
1062,https://www.wowhead.com/classic/quest=1062,
1068,https://www.wowhead.com/classic/quest=1068,
1069,https://www.wowhead.com/classic/quest=1069,
11120,https://www.wowhead.com/tbc/quest=11120,
11361,https://www.wowhead.com/tbc/quest=11361,
11407,https://www.wowhead.com/tbc/quest=11407,
11408,https://www.wowhead.com/tbc/quest=11408,
11409,https://www.wowhead.com/tbc/quest=11409,
11412,https://www.wowhead.com/tbc/quest=11412,
11431,https://www.wowhead.com/tbc/quest=11431,
11449,https://www.wowhead.com/tbc/quest=11449,
11450,https://www.wowhead.com/tbc/quest=11450,
1148,https://www.wowhead.com/classic/quest=1148,
1153,https://www.wowhead.com/classic/quest=1153,
12191,https://www.wowhead.com/wotlk/quest=12191,
1221,https://www.wowhead.com/classic/quest=1221,
13479,https://www.wowhead.com/wotlk/quest=13479,
13503,https://www.wowhead.com/wotlk/quest=13503,
14040,https://www.wowhead.com/wotlk/quest=14040,
14041,https://www.wowhead.com/wotlk/quest=14041,
14043,https://www.wowhead.com/wotlk/quest=14043,
14044,https://www.wowhead.com/wotlk/quest=14044,
14047,https://www.wowhead.com/wotlk/quest=14047,
14061,https://www.wowhead.com/wotlk/quest=14061,
14062,https://www.wowhead.com/wotlk/quest=14062,
14064,https://www.wowhead.com/wotlk/quest=14064,
14065,https://www.wowhead.com/wotlk/quest=14065,
14100,https://www.wowhead.com/wotlk/quest=14100,
14175,https://www.wowhead.com/wotlk/quest=14175,
14177,https://www.wowhead.com/wotlk/quest=14177,
1486,https://www.wowhead.com/classic/quest=1486,
1487,https://www.wowhead.com/classic/quest=1487,
1491,https://www.wowhead.com/classic/quest=1491,
1498,https://www.wowhead.com/classic/quest=1498,
1501,https://www.wowhead.com/classic/quest=1501,
1503,https://www.wowhead.com/classic/quest=1503,
1504,https://www.wowhead.com/classic/quest=1504,
1513,https://www.wowhead.com/classic/quest=1513,
1516,https://www.wowhead.com/classic/quest=1516,
1517,https://www.wowhead.com/classic/quest=1517,
1520,https://www.wowhead.com/classic/quest=1520,
1525,https://www.wowhead.com/classic/quest=1525,
1526,https://www.wowhead.com/classic/quest=1526,
1534,https://www.wowhead.com/classic/quest=1534,
1535,https://www.wowhead.com/classic/quest=1535,
1536,https://www.wowhead.com/classic/quest=1536,
1719,https://www.wowhead.com/classic/quest=1719,
1738,https://www.wowhead.com/classic/quest=1738,
1740,https://www.wowhead.com/classic/quest=1740,
1795,https://www.wowhead.com/classic/quest=1795,
1796,https://www.wowhead.com/classic/quest=1796,
1799,https://www.wowhead.com/classic/quest=1799,
1804,https://www.wowhead.com/classic/quest=1804,
1805,https://www.wowhead.com/classic/quest=1805,
1824,https://www.wowhead.com/classic/quest=1824,
1838,https://www.wowhead.com/classic/quest=1838,
1842,https://www.wowhead.com/classic/quest=1842,
1858,https://www.wowhead.com/classic/quest=1858,
1884,https://www.wowhead.com/classic/quest=1884,
1944,https://www.wowhead.com/classic/quest=1944,
1945,https://www.wowhead.com/classic/quest=1945,
1963,https://www.wowhead.com/classic/quest=1963,
2283,https://www.wowhead.com/classic/quest=2283,
2381,https://www.wowhead.com/classic/quest=2381,
24536,https://www.wowhead.com/wotlk/quest=24536,
24541,https://www.wowhead.com/wotlk/quest=24541,
24576,https://www.wowhead.com/wotlk/quest=24576,
24612,https://www.wowhead.com/wotlk/quest=24612,
24629,https://www.wowhead.com/wotlk/quest=24629,
24635,https://www.wowhead.com/wotlk/quest=24635,
24636,https://www.wowhead.com/wotlk/quest=24636,
24638,https://www.wowhead.com/wotlk/quest=24638,
24645,https://www.wowhead.com/wotlk/quest=24645,
24647,https://www.wowhead.com/wotlk/quest=24647,
24648,https://www.wowhead.com/wotlk/quest=24648,
24649,https://www.wowhead.com/wotlk/quest=24649,
24650,https://www.wowhead.com/wotlk/quest=24650,
24651,https://www.wowhead.com/wotlk/quest=24651,
24652,https://www.wowhead.com/wotlk/quest=24652,
2478,https://www.wowhead.com/classic/quest=2478,
24851,https://www.wowhead.com/wotlk/quest=24851,
2751,https://www.wowhead.com/classic/quest=2751,
2752,https://www.wowhead.com/classic/quest=2752,
2753,https://www.wowhead.com/classic/quest=2753,
2754,https://www.wowhead.com/classic/quest=2754,
2756,https://www.wowhead.com/classic/quest=2756,
2841,https://www.wowhead.com/classic/quest=2841,
2937,https://www.wowhead.com/classic/quest=2937,
2950,https://www.wowhead.com/classic/quest=2950,
3281,https://www.wowhead.com/classic/quest=3281,
3514,https://www.wowhead.com/classic/quest=3514,
3861,https://www.wowhead.com/classic/quest=3861,
3922,https://www.wowhead.com/classic/quest=3922,
3924,https://www.wowhead.com/classic/quest=3924,
4003,https://www.wowhead.com/classic/quest=4003,
4021,https://www.wowhead.com/classic/quest=4021,
4146,https://www.wowhead.com/classic/quest=4146,
4300,https://www.wowhead.com/classic/quest=4300,
4402,https://www.wowhead.com/classic/quest=4402,
4502,https://www.wowhead.com/classic/quest=4502,
4781,https://www.wowhead.com/classic/quest=4781,
4783,https://www.wowhead.com/classic/quest=4783,
4784,https://www.wowhead.com/classic/quest=4784,
4921,https://www.wowhead.com/classic/quest=4921,
4962,https://www.wowhead.com/classic/quest=4962,
4963,https://www.wowhead.com/classic/quest=4963,
4974,https://www.wowhead.com/classic/quest=4974,
5041,https://www.wowhead.com/classic/quest=5041,
5042,https://www.wowhead.com/classic/quest=5042,
5043,https://www.wowhead.com/classic/quest=5043,
5044,https://www.wowhead.com/classic/quest=5044,
5045,https://www.wowhead.com/classic/quest=5045,
5046,https://www.wowhead.com/classic/quest=5046,
5052,https://www.wowhead.com/classic/quest=5052,
5301,https://www.wowhead.com/classic/quest=5301,
5302,https://www.wowhead.com/classic/quest=5302,
5441,https://www.wowhead.com/classic/quest=5441,
5648,https://www.wowhead.com/classic/quest=5648,
5726,https://www.wowhead.com/classic/quest=5726,
5728,https://www.wowhead.com/classic/quest=5728,
5761,https://www.wowhead.com/classic/quest=5761,
6127,https://www.wowhead.com/classic/quest=6127,
6128,https://www.wowhead.com/classic/quest=6128,
6129,https://www.wowhead.com/classic/quest=6129,
63,https://www.wowhead.com/classic/quest=63,
6394,https://www.wowhead.com/classic/quest=6394,
6543,https://www.wowhead.com/classic/quest=6543,
6548,https://www.wowhead.com/classic/quest=6548,
6626,https://www.wowhead.com/classic/quest=6626,
6629,https://www.wowhead.com/classic/quest=6629,
6962,https://www.wowhead.com/classic/quest=6962,
6983,https://www.wowhead.com/classic/quest=6983,
7068,https://www.wowhead.com/classic/quest=7068,
7341,https://www.wowhead.com/classic/quest=7341,
7660,https://www.wowhead.com/classic/quest=7660,
7661,https://www.wowhead.com/classic/quest=7661,
7664,https://www.wowhead.com/classic/quest=7664,
7665,https://www.wowhead.com/classic/quest=7665,
7667,https://www.wowhead.com/classic/quest=7667,
7824,https://www.wowhead.com/classic/quest=7824,
7826,https://www.wowhead.com/classic/quest=7826,
7827,https://www.wowhead.com/classic/quest=7827,
7831,https://www.wowhead.com/classic/quest=7831,
7832,https://www.wowhead.com/classic/quest=7832,
7833,https://www.wowhead.com/classic/quest=7833,
7834,https://www.wowhead.com/classic/quest=7834,
7835,https://www.wowhead.com/classic/quest=7835,
7836,https://www.wowhead.com/classic/quest=7836,
7837,https://www.wowhead.com/classic/quest=7837,
784,https://www.wowhead.com/classic/quest=784,
786,https://www.wowhead.com/classic/quest=786,
788,https://www.wowhead.com/classic/quest=788,
789,https://www.wowhead.com/classic/quest=789,
790,https://www.wowhead.com/classic/quest=790,
791,https://www.wowhead.com/classic/quest=791,
792,https://www.wowhead.com/classic/quest=792,
794,https://www.wowhead.com/classic/quest=794,
806,https://www.wowhead.com/classic/quest=806,
808,https://www.wowhead.com/classic/quest=808,
812,https://www.wowhead.com/classic/quest=812,
813,https://www.wowhead.com/classic/quest=813,
815,https://www.wowhead.com/classic/quest=815,
8150,https://www.wowhead.com/classic/quest=8150,
816,https://www.wowhead.com/classic/quest=816,
817,https://www.wowhead.com/classic/quest=817,
818,https://www.wowhead.com/classic/quest=818,
821,https://www.wowhead.com/classic/quest=821,
822,https://www.wowhead.com/classic/quest=822,
825,https://www.wowhead.com/classic/quest=825,
8258,https://www.wowhead.com/classic/quest=8258,
826,https://www.wowhead.com/classic/quest=826,
827,https://www.wowhead.com/classic/quest=827,
8312,https://www.wowhead.com/classic/quest=8312,
834,https://www.wowhead.com/classic/quest=834,
835,https://www.wowhead.com/classic/quest=835,
8358,https://www.wowhead.com/classic/quest=8358,
8359,https://www.wowhead.com/classic/quest=8359,
837,https://www.wowhead.com/classic/quest=837,
8410,https://www.wowhead.com/classic/quest=8410,
8419,https://www.wowhead.com/classic/quest=8419,
843,https://www.wowhead.com/classic/quest=843,
844,https://www.wowhead.com/classic/quest=844,
845,https://www.wowhead.com/classic/quest=845,
846,https://www.wowhead.com/classic/quest=846,
848,https://www.wowhead.com/classic/quest=848,
849,https://www.wowhead.com/classic/quest=849,
850,https://www.wowhead.com/classic/quest=850,
851,https://www.wowhead.com/classic/quest=851,
852,https://www.wowhead.com/classic/quest=852,
855,https://www.wowhead.com/classic/quest=855,
857,https://www.wowhead.com/classic/quest=857,
858,https://www.wowhead.com/classic/quest=858,
862,https://www.wowhead.com/classic/quest=862,
865,https://www.wowhead.com/classic/quest=865,
866,https://www.wowhead.com/classic/quest=866,
867,https://www.wowhead.com/classic/quest=867,
868,https://www.wowhead.com/classic/quest=868,
869,https://www.wowhead.com/classic/quest=869,
870,https://www.wowhead.com/classic/quest=870,
871,https://www.wowhead.com/classic/quest=871,
872,https://www.wowhead.com/classic/quest=872,
873,https://www.wowhead.com/classic/quest=873,
875,https://www.wowhead.com/classic/quest=875,
876,https://www.wowhead.com/classic/quest=876,
877,https://www.wowhead.com/classic/quest=877,
878,https://www.wowhead.com/classic/quest=878,
879,https://www.wowhead.com/classic/quest=879,
880,https://www.wowhead.com/classic/quest=880,
881,https://www.wowhead.com/classic/quest=881,
8815,https://www.wowhead.com/classic/quest=8815,
8818,https://www.wowhead.com/classic/quest=8818,
882,https://www.wowhead.com/classic/quest=882,
8823,https://www.wowhead.com/classic/quest=8823,
8826,https://www.wowhead.com/classic/quest=8826,
8832,https://www.wowhead.com/classic/quest=8832,
8833,https://www.wowhead.com/classic/quest=8833,
8844,https://www.wowhead.com/classic/quest=8844,
8845,https://www.wowhead.com/classic/quest=8845,
8867,https://www.wowhead.com/classic/quest=8867,
887,https://www.wowhead.com/classic/quest=887,
888,https://www.wowhead.com/classic/quest=888,
889,https://www.wowhead.com/classic/quest=889,
891,https://www.wowhead.com/classic/quest=891,
8913,https://www.wowhead.com/classic/quest=8913,
8914,https://www.wowhead.com/classic/quest=8914,
8915,https://www.wowhead.com/classic/quest=8915,
8916,https://www.wowhead.com/classic/quest=8916,
8917,https://www.wowhead.com/classic/quest=8917,
8918,https://www.wowhead.com/classic/quest=8918,
8919,https://www.wowhead.com/classic/quest=8919,
8920,https://www.wowhead.com/classic/quest=8920,
8927,https://www.wowhead.com/classic/quest=8927,
893,https://www.wowhead.com/classic/quest=893,
8938,https://www.wowhead.com/classic/quest=8938,
8939,https://www.wowhead.com/classic/quest=8939,
8940,https://www.wowhead.com/classic/quest=8940,
8941,https://www.wowhead.com/classic/quest=8941,
8942,https://www.wowhead.com/classic/quest=8942,
8943,https://www.wowhead.com/classic/quest=8943,
8944,https://www.wowhead.com/classic/quest=8944,
895,https://www.wowhead.com/classic/quest=895,
8957,https://www.wowhead.com/classic/quest=8957,
896,https://www.wowhead.com/classic/quest=896,
899,https://www.wowhead.com/classic/quest=899,
900,https://www.wowhead.com/classic/quest=900,
9007,https://www.wowhead.com/tbc/quest=9007,
9008,https://www.wowhead.com/tbc/quest=9008,
9009,https://www.wowhead.com/tbc/quest=9009,
901,https://www.wowhead.com/classic/quest=901,
9010,https://www.wowhead.com/tbc/quest=9010,
9011,https://www.wowhead.com/tbc/quest=9011,
9012,https://www.wowhead.com/tbc/quest=9012,
9013,https://www.wowhead.com/tbc/quest=9013,
9014,https://www.wowhead.com/tbc/quest=9014,
9016,https://www.wowhead.com/tbc/quest=9016,
9017,https://www.wowhead.com/tbc/quest=9017,
9018,https://www.wowhead.com/tbc/quest=9018,
9019,https://www.wowhead.com/tbc/quest=9019,
9020,https://www.wowhead.com/tbc/quest=9020,
9021,https://www.wowhead.com/tbc/quest=9021,
9022,https://www.wowhead.com/tbc/quest=9022,
903,https://www.wowhead.com/classic/quest=903,
905,https://www.wowhead.com/classic/quest=905,
907,https://www.wowhead.com/classic/quest=907,
913,https://www.wowhead.com/classic/quest=913,
924,https://www.wowhead.com/classic/quest=924,
9267,https://www.wowhead.com/tbc/quest=9267,
959,https://www.wowhead.com/classic/quest=959,
